province,municipality,change_from_2019,category
Abra,Bangued,2980,Gainers
Abra,Bucay,1981,Gainers
Abra,La Paz,1332,Gainers
Abra,Lagangilang,1100,Gainers
Abra,Dolores,1096,Gainers
Abra,Lacub,863,Gainers
Abra,Danglas,509,Gainers
Abra,Pilar,458,Gainers
Abra,Lagayan,366,Gainers
Abra,Tubo,355,Gainers
Abra,Pidigan,347,Gainers
Abra,Sallapadan,305,Gainers
Abra,San Isidro,135,Gainers
Abra,Penarrubia,82,Gainers
Abra,Malibcong,71,Gainers
Abra,San Quintin,64,Gainers
Abra,Daguioman,63,Gainers
Abra,Bucloc,50,Gainers
Abra,Boliney,46,Gainers
Abra,Licuan-Baay,35,Gainers
Abra,Luba,30,Gainers
Abra,San Juan,15,Gainers
Abra,Tayum,3,Gainers
Abra,Langiden,-172,Losers
Abra,Manabo,-90,Losers
Abra,Villaviciosa,-68,Losers
Abra,Tineg,-57,Losers
Agusan Del Norte,Buenavista,6357,Gainers
Agusan Del Norte,Butuan City,1866,Gainers
Agusan Del Norte,Las Nieves,1641,Gainers
Agusan Del Norte,Santiago,1450,Gainers
Agusan Del Norte,Cabadbaran City,832,Gainers
Agusan Del Norte,Tubay,821,Gainers
Agusan Del Norte,Remedios T. Romualdez,735,Gainers
Agusan Del Norte,Carmen,616,Gainers
Agusan Del Norte,Nasipit,598,Gainers
Agusan Del Norte,Kitcharao,129,Gainers
Agusan Del Norte,Magallanes,124,Gainers
Agusan Del Norte,Jabonga,29,Gainers
Agusan Del Sur,Rosario,5811,Gainers
Agusan Del Sur,La Paz,4076,Gainers
Agusan Del Sur,Bayugan City,4070,Gainers
Agusan Del Sur,San Francisco,2752,Gainers
Agusan Del Sur,Esperanza,2641,Gainers
Agusan Del Sur,Sibagat,2130,Gainers
Agusan Del Sur,San Luis,2095,Gainers
Agusan Del Sur,Prosperidad,1586,Gainers
Agusan Del Sur,Loreto,880,Gainers
Agusan Del Sur,Talacogon,664,Gainers
Agusan Del Sur,Trento,133,Gainers
Agusan Del Sur,Veruela,-1496,Losers
Agusan Del Sur,Santa Josefa,-1094,Losers
Agusan Del Sur,Bunawan,-836,Losers
Aklan,New Washington,3476,Gainers
Aklan,Numancia,3307,Gainers
Aklan,Nabas,3104,Gainers
Aklan,Makato,3065,Gainers
Aklan,Ibajay,3054,Gainers
Aklan,Kalibo,2121,Gainers
Aklan,Tangalan,1729,Gainers
Aklan,Banga,1670,Gainers
Aklan,Batan,787,Gainers
Aklan,Madalag,620,Gainers
Aklan,Libacao,599,Gainers
Aklan,Lezo,520,Gainers
Aklan,Malinao,520,Gainers
Aklan,Buruanga,506,Gainers
Aklan,Altavas,326,Gainers
Aklan,Balete,-526,Losers
Aklan,Malay,-348,Losers
Albay,Legazpi City,22422,Gainers
Albay,Daraga,14635,Gainers
Albay,Ligao City,10355,Gainers
Albay,Tabaco City,8839,Gainers
Albay,Polangui,6419,Gainers
Albay,Guinobatan,6063,Gainers
Albay,Camalig,5052,Gainers
Albay,Oas,4676,Gainers
Albay,Tiwi,3822,Gainers
Albay,Malilipot,3605,Gainers
Albay,Bacacay,3008,Gainers
Albay,Santo Domingo,2959,Gainers
Albay,Malinao,2769,Gainers
Albay,Manito,2241,Gainers
Albay,Rapu-rapu,1353,Gainers
Albay,Pio Duran,750,Gainers
Albay,Jovellar,593,Gainers
Albay,Libon,53,Gainers
Antique,Sibalom,4393,Gainers
Antique,San Remigio,3531,Gainers
Antique,Caluya,3396,Gainers
Antique,San Jose,3268,Gainers
Antique,Hamtic,2411,Gainers
Antique,Culasi,1903,Gainers
Antique,Pandan,1691,Gainers
Antique,Tobias Fornier,1585,Gainers
Antique,Patnongon,936,Gainers
Antique,Tibiao,880,Gainers
Antique,Anini-y,875,Gainers
Antique,Valderrama,806,Gainers
Antique,Libertad,652,Gainers
Antique,Sebaste,522,Gainers
Antique,Bugasong,504,Gainers
Antique,Laua-an,451,Gainers
Antique,Belison,435,Gainers
Antique,Barbaza,70,Gainers
Apayao,Conner,2922,Gainers
Apayao,Luna,1275,Gainers
Apayao,Pudtol,1251,Gainers
Apayao,Kabugao,926,Gainers
Apayao,Calanasan,818,Gainers
Apayao,Flora,781,Gainers
Apayao,Santa Marcela,725,Gainers
Aurora,Dingalan,3128,Gainers
Aurora,San Luis,2021,Gainers
Aurora,Baler,2001,Gainers
Aurora,Maria Aurora,1603,Gainers
Aurora,Dipaculao,1051,Gainers
Aurora,Dilasag,1041,Gainers
Aurora,Casiguran,547,Gainers
Aurora,Dinalungan,231,Gainers
Basilan,Isabela City,12096,Gainers
Basilan,Hadji Mohammad Ajul,8354,Gainers
Basilan,Lantawan,7149,Gainers
Basilan,Maluso,4633,Gainers
Basilan,Al-Barka,4590,Gainers
Basilan,Tabuan-Lasa,4433,Gainers
Basilan,Tipo- Tipo,2825,Gainers
Basilan,Hadji Muhtamad,2504,Gainers
Basilan,Tuburan,2056,Gainers
Basilan,Sumisip,1392,Gainers
Basilan,Akbar,1333,Gainers
Basilan,Ungkaya Pukan,1318,Gainers
Basilan,Lamitan City,-99,Losers
Bataan,Mariveles,11343,Gainers
Bataan,Dinalupihan,7474,Gainers
Bataan,Hermosa,5572,Gainers
Bataan,Limay,4592,Gainers
Bataan,Samal,4157,Gainers
Bataan,Morong,3276,Gainers
Bataan,Orani,1833,Gainers
Bataan,Abucay,1406,Gainers
Bataan,Bagac,918,Gainers
Bataan,Pilar,317,Gainers
Bataan,Orion,301,Gainers
Bataan,Balanga City,-652,Losers
Batanes,Basco,635,Gainers
Batanes,Mahatao,265,Gainers
Batanes,Itbayat,194,Gainers
Batanes,Sabtang,154,Gainers
Batanes,Uyugan,109,Gainers
Batanes,Ivana,94,Gainers
Batangas,Lipa City,56695,Gainers
Batangas,Tanauan City,36767,Gainers
Batangas,Santo Tomas City,26253,Gainers
Batangas,Calaca,12187,Gainers
Batangas,San Jose,11578,Gainers
Batangas,Nasugbu,11102,Gainers
Batangas,Rosario,10637,Gainers
Batangas,San Juan,7557,Gainers
Batangas,Balayan,5967,Gainers
Batangas,Malvar,5938,Gainers
Batangas,Batangas City,5005,Gainers
Batangas,Mabini,4856,Gainers
Batangas,Bauan,4677,Gainers
Batangas,Laurel,4515,Gainers
Batangas,Calatagan,3887,Gainers
Batangas,Padre Garcia,3618,Gainers
Batangas,Taysan,3470,Gainers
Batangas,Taal,3265,Gainers
Batangas,Mataas na Kahoy,2798,Gainers
Batangas,Talisay,2590,Gainers
Batangas,San Luis,2511,Gainers
Batangas,Lobo,2038,Gainers
Batangas,Cuenca,1976,Gainers
Batangas,Lemery,1883,Gainers
Batangas,Lian,1802,Gainers
Batangas,Ibaan,1788,Gainers
Batangas,San Pascual,1642,Gainers
Batangas,Agoncillo,1627,Gainers
Batangas,Alitagtag,1450,Gainers
Batangas,Tuy,1116,Gainers
Batangas,Balete,1025,Gainers
Batangas,Santa Teresita,658,Gainers
Batangas,San Nicolas,-807,Losers
Batangas,Tingloy,-569,Losers
Benguet,La Trinidad,10206,Gainers
Benguet,Baguio City,2291,Gainers
Benguet,Buguias,2144,Gainers
Benguet,Itogon,2112,Gainers
Benguet,Kapangan,1721,Gainers
Benguet,Tublay,1557,Gainers
Benguet,Kabayan,1221,Gainers
Benguet,Kibungan,987,Gainers
Benguet,Bokod,648,Gainers
Benguet,Mankayan,590,Gainers
Benguet,Bakun,528,Gainers
Benguet,Sablan,485,Gainers
Benguet,Atok,324,Gainers
Benguet,Tuba,173,Gainers
Biliran,Biliran,944,Gainers
Biliran,Culaba,523,Gainers
Biliran,Almeria,501,Gainers
Biliran,Cabucgayan,375,Gainers
Biliran,Caibiran,341,Gainers
Biliran,Naval,302,Gainers
Biliran,Kawayan,-423,Losers
Biliran,Maripipi,-127,Losers
Bohol,Tagbilaran City,8579,Gainers
Bohol,Talibon,7101,Gainers
Bohol,Ubay,5769,Gainers
Bohol,Panglao,5271,Gainers
Bohol,Inabanga,3694,Gainers
Bohol,Dauis,3189,Gainers
Bohol,Buenavista,3036,Gainers
Bohol,Trinidad,2694,Gainers
Bohol,Tubigon,2354,Gainers
Bohol,San Miguel,2264,Gainers
Bohol,Alicia,2249,Gainers
Bohol,Valencia,2140,Gainers
Bohol,Getafe,2034,Gainers
Bohol,Carmen,1953,Gainers
Bohol,Jagna,1870,Gainers
Bohol,Balilihan,1771,Gainers
Bohol,Mabini,1668,Gainers
Bohol,Sierra Bullones,1607,Gainers
Bohol,Pilar,1574,Gainers
Bohol,Guindulman,1521,Gainers
Bohol,Sagbayan,1495,Gainers
Bohol,Clarin,1335,Gainers
Bohol,Dagohoy,1273,Gainers
Bohol,Catigbian,1270,Gainers
Bohol,Loboc,1225,Gainers
Bohol,Bien Unido,1101,Gainers
Bohol,Batuan,1045,Gainers
Bohol,Calape,954,Gainers
Bohol,Bilar,893,Gainers
Bohol,President Carlos P. Garcia,883,Gainers
Bohol,Danao,862,Gainers
Bohol,Antequera,834,Gainers
Bohol,Garcia Hernandez,809,Gainers
Bohol,Maribojoc,758,Gainers
Bohol,Duero,726,Gainers
Bohol,Corella,672,Gainers
Bohol,Loon,671,Gainers
Bohol,Cortes,670,Gainers
Bohol,Alburquerque,646,Gainers
Bohol,Candijay,602,Gainers
Bohol,Anda,461,Gainers
Bohol,Baclayon,390,Gainers
Bohol,Lila,339,Gainers
Bohol,San Isidro,255,Gainers
Bohol,Sevilla,210,Gainers
Bohol,Sikatuna,193,Gainers
Bohol,Dimiao,23,Gainers
Bohol,Loay,-51,Losers
Bukidnon,Malaybalay City,19609,Gainers
Bukidnon,Valencia City,18527,Gainers
Bukidnon,Impasug-ong,8872,Gainers
Bukidnon,San Fernando,6893,Gainers
Bukidnon,Manolo Fortich,6705,Gainers
Bukidnon,Talakag,6240,Gainers
Bukidnon,Maramag,5903,Gainers
Bukidnon,Lantapan,5444,Gainers
Bukidnon,Kitaotao,4941,Gainers
Bukidnon,Quezon,4776,Gainers
Bukidnon,Pangantucan,4420,Gainers
Bukidnon,Baungon,3545,Gainers
Bukidnon,Malitbog,3421,Gainers
Bukidnon,Damulog,3372,Gainers
Bukidnon,Libona,3339,Gainers
Bukidnon,Cabanglasan,2827,Gainers
Bukidnon,Kalilangan,2773,Gainers
Bukidnon,Kibawe,2567,Gainers
Bukidnon,Don Carlos,2198,Gainers
Bukidnon,Dangcagan,1909,Gainers
Bukidnon,Sumilao,1822,Gainers
Bukidnon,Kadingilan,-1,Losers
Bulacan,San Jose del Monte City,62747,Gainers
Bulacan,Pandi,45280,Gainers
Bulacan,Santa Maria,32174,Gainers
Bulacan,Marilao,24546,Gainers
Bulacan,Norzagaray,14758,Gainers
Bulacan,Baliuag,12893,Gainers
Bulacan,San Ildefonso,12424,Gainers
Bulacan,Malolos City,12021,Gainers
Bulacan,Bocaue,11991,Gainers
Bulacan,Guiguinto,11574,Gainers
Bulacan,San Miguel,10710,Gainers
Bulacan,Pulilan,6826,Gainers
Bulacan,Mecauayan City,6362,Gainers
Bulacan,Balagtas,6342,Gainers
Bulacan,Bustos,6321,Gainers
Bulacan,Bulacan,5548,Gainers
Bulacan,Dona Remedios Trinidad,5249,Gainers
Bulacan,San Rafael,4767,Gainers
Bulacan,Calumpit,4505,Gainers
Bulacan,Plaridel,4462,Gainers
Bulacan,Paombong,3706,Gainers
Bulacan,Angat,3351,Gainers
Bulacan,Hagonoy,2634,Gainers
Bulacan,Obando,-1761,Losers
Cagayan,Tuguegarao City,7501,Gainers
Cagayan,Penablanca,3666,Gainers
Cagayan,Baggao,3394,Gainers
Cagayan,Santa Ana,3006,Gainers
Cagayan,Solana,2937,Gainers
Cagayan,Buguey,2774,Gainers
Cagayan,Aparri,2690,Gainers
Cagayan,Gonzaga,2400,Gainers
Cagayan,Amulung,2224,Gainers
Cagayan,Gattaran,2070,Gainers
Cagayan,Claveria,2062,Gainers
Cagayan,Abulug,1995,Gainers
Cagayan,Piat,1938,Gainers
Cagayan,Enrile,1938,Gainers
Cagayan,Iguig,1926,Gainers
Cagayan,Ballesteros,1828,Gainers
Cagayan,Santo Nino,1362,Gainers
Cagayan,Tuao,1326,Gainers
Cagayan,Sanchez-Mira,1149,Gainers
Cagayan,Santa Teresita,986,Gainers
Cagayan,Lal-lo,853,Gainers
Cagayan,Camalaniugan,604,Gainers
Cagayan,Rizal,601,Gainers
Cagayan,Pamplona,423,Gainers
Cagayan,Allacapan,226,Gainers
Cagayan,Calayan,134,Gainers
Cagayan,Lasam,-455,Losers
Cagayan,Santa Praxedes,-419,Losers
Cagayan,Alcala,-145,Losers
Camarines Norte,Labo,8843,Gainers
Camarines Norte,Daet,8335,Gainers
Camarines Norte,Capalonga,4637,Gainers
Camarines Norte,Mercedes,4070,Gainers
Camarines Norte,Paracale,3864,Gainers
Camarines Norte,Vinzons,3538,Gainers
Camarines Norte,Basud,3068,Gainers
Camarines Norte,Santa Elena,2722,Gainers
Camarines Norte,Talisay,1970,Gainers
Camarines Norte,Jose Panganiban,1713,Gainers
Camarines Norte,San Vicente,1298,Gainers
Camarines Norte,San Lorenzo Ruiz,1011,Gainers
Camarines Sur,Naga City,16407,Gainers
Camarines Sur,Iriga City,11575,Gainers
Camarines Sur,Nabua,7598,Gainers
Camarines Sur,Tinambac,7027,Gainers
Camarines Sur,Goa,6778,Gainers
Camarines Sur,Pili,5912,Gainers
Camarines Sur,Bula,5714,Gainers
Camarines Sur,Tigaon,5339,Gainers
Camarines Sur,Buhi,4970,Gainers
Camarines Sur,Sipocot,4883,Gainers
Camarines Sur,Calabanga,4878,Gainers
Camarines Sur,Baao,4316,Gainers
Camarines Sur,Libmanan,4153,Gainers
Camarines Sur,Caramoan,3809,Gainers
Camarines Sur,San Jose,3795,Gainers
Camarines Sur,Ragay,3596,Gainers
Camarines Sur,Lagonoy,3482,Gainers
Camarines Sur,Garchitorena,2989,Gainers
Camarines Sur,Canaman,2964,Gainers
Camarines Sur,Bato,2952,Gainers
Camarines Sur,Sagnay,2871,Gainers
Camarines Sur,Minalabac,2865,Gainers
Camarines Sur,Ocampo,2863,Gainers
Camarines Sur,Pamplona,2741,Gainers
Camarines Sur,Lupi,2605,Gainers
Camarines Sur,Milaor,2456,Gainers
Camarines Sur,Pasacao,2230,Gainers
Camarines Sur,Del Gallego,2188,Gainers
Camarines Sur,Siruma,1824,Gainers
Camarines Sur,Presentacion,1700,Gainers
Camarines Sur,San Fernando,1602,Gainers
Camarines Sur,Cabusao,1542,Gainers
Camarines Sur,Camaligan,1114,Gainers
Camarines Sur,Balatan,954,Gainers
Camarines Sur,Gainza,742,Gainers
Camarines Sur,Bombon,699,Gainers
Camarines Sur,Magarao,320,Gainers
Camiguin,Mambajao,2741,Gainers
Camiguin,Mahinog,508,Gainers
Camiguin,Guinsiliban,-265,Losers
Camiguin,Sagay,-146,Losers
Camiguin,Catarman,-37,Losers
Capiz,Roxas City,8474,Gainers
Capiz,Dumarao,2951,Gainers
Capiz,Pontevedra,2264,Gainers
Capiz,Ma-ayon,1958,Gainers
Capiz,Tapaz,1593,Gainers
Capiz,President Roxas,1527,Gainers
Capiz,Panay,1166,Gainers
Capiz,Ivisan,1085,Gainers
Capiz,Sigma,1064,Gainers
Capiz,Pilar,1024,Gainers
Capiz,Panitan,932,Gainers
Capiz,Dao,830,Gainers
Capiz,Jamindan,726,Gainers
Capiz,Cuartero,691,Gainers
Capiz,Mambusao,166,Gainers
Capiz,Sapi-an,164,Gainers
Capiz,Dumalag,-485,Losers
Catanduanes,Virac,2467,Gainers
Catanduanes,Pandan,1249,Gainers
Catanduanes,Caramoran,750,Gainers
Catanduanes,Panganiban,271,Gainers
Catanduanes,San Andres,212,Gainers
Catanduanes,Bato,111,Gainers
Catanduanes,Gigmoto,90,Gainers
Catanduanes,Baras,-358,Losers
Catanduanes,Bagamanoc,-216,Losers
Catanduanes,Viga,-156,Losers
Catanduanes,San Miguel,-21,Losers
Cavite,General Trias City,43785,Gainers
Cavite,Dasmarinas City,43736,Gainers
Cavite,Trece Martires City,36764,Gainers
Cavite,Naic,34504,Gainers
Cavite,Tanza,27690,Gainers
Cavite,Imus City,22914,Gainers
Cavite,Silang,22259,Gainers
Cavite,Kawit,16605,Gainers
Cavite,Carmona,12630,Gainers
Cavite,Bacoor City,6378,Gainers
Cavite,Rosario,5223,Gainers
Cavite,Maragondon,4651,Gainers
Cavite,Noveleta,4139,Gainers
Cavite,General Emilio Aguinaldo,3384,Gainers
Cavite,Tagaytay City,2769,Gainers
Cavite,Alfonso,2759,Gainers
Cavite,Magallanes,2523,Gainers
Cavite,Mendez,2306,Gainers
Cavite,Amadeo,2036,Gainers
Cavite,Ternate,1914,Gainers
Cavite,General Mariano Alvarez,250,Gainers
Cavite,Cavite City,-543,Losers
Cavite,Indang,-213,Losers
Cebu,Lapu-lapu City,63171,Gainers
Cebu,Talisay City,16786,Gainers
Cebu,Minglanilla,16012,Gainers
Cebu,Consolacion,15277,Gainers
Cebu,Liloan,14685,Gainers
Cebu,Cordova,14098,Gainers
Cebu,Carcar City,12737,Gainers
Cebu,Toledo City,12046,Gainers
Cebu,Naga City,11987,Gainers
Cebu,Cebu City,11861,Gainers
Cebu,Mandaue City,10762,Gainers
Cebu,Barili,8750,Gainers
Cebu,Dalaguete,8673,Gainers
Cebu,San Francisco,7389,Gainers
Cebu,Compostela,6797,Gainers
Cebu,Argao,6590,Gainers
Cebu,Danao City,6308,Gainers
Cebu,Carmen,5588,Gainers
Cebu,Medellin,5247,Gainers
Cebu,Pinamungajan,4406,Gainers
Cebu,Bantayan,4344,Gainers
Cebu,Madridejos,4322,Gainers
Cebu,San Remigio,3852,Gainers
Cebu,Bogo City,3811,Gainers
Cebu,Poro,3656,Gainers
Cebu,Catmon,3586,Gainers
Cebu,Sibonga,3522,Gainers
Cebu,Santa Fe,3433,Gainers
Cebu,Daanbantayan,3423,Gainers
Cebu,Dumanjug,3171,Gainers
Cebu,Badian,3041,Gainers
Cebu,Asturias,2918,Gainers
Cebu,San Fernando,2891,Gainers
Cebu,Sogod,2618,Gainers
Cebu,Borbon,2380,Gainers
Cebu,Moalboal,2091,Gainers
Cebu,Tabogon,1952,Gainers
Cebu,Balamban,1917,Gainers
Cebu,Alcoy,1890,Gainers
Cebu,Tabuelan,1506,Gainers
Cebu,Alcantara,1384,Gainers
Cebu,Santander,1092,Gainers
Cebu,Alegria,949,Gainers
Cebu,Samboan,845,Gainers
Cebu,Malabuyoc,815,Gainers
Cebu,Boljoon,775,Gainers
Cebu,Oslob,596,Gainers
Cebu,Tudela,521,Gainers
Cebu,Pilar,296,Gainers
Cebu,Ronda,162,Gainers
Cebu,Tuburan,-780,Losers
Cebu,Aloguinsan,-766,Losers
Cebu,Ginatilan,-223,Losers
Compostela Valley/Davao De Oro,Pantukan,13896,Gainers
Compostela Valley/Davao De Oro,Maco,12171,Gainers
Compostela Valley/Davao De Oro,Monkayo,9371,Gainers
Compostela Valley/Davao De Oro,Laak,8020,Gainers
Compostela Valley/Davao De Oro,Compostela,7916,Gainers
Compostela Valley/Davao De Oro,Nabunturan,7793,Gainers
Compostela Valley/Davao De Oro,Maragusan,7384,Gainers
Compostela Valley/Davao De Oro,Montevista,5571,Gainers
Compostela Valley/Davao De Oro,Mabini,5194,Gainers
Compostela Valley/Davao De Oro,New Bataan,4642,Gainers
Compostela Valley/Davao De Oro,Mawab,3490,Gainers
Davao Del Norte,Panabo City,24220,Gainers
Davao Del Norte,Tagum City,23132,Gainers
Davao Del Norte,Island Garden City of Samal,17314,Gainers
Davao Del Norte,Santo Tomas,10714,Gainers
Davao Del Norte,Carmen,7694,Gainers
Davao Del Norte,Asuncion,6117,Gainers
Davao Del Norte,Braulio E. Dujali,5748,Gainers
Davao Del Norte,Kapalong,5360,Gainers
Davao Del Norte,New Corella,4965,Gainers
Davao Del Norte,Talaingod,4172,Gainers
Davao Del Norte,San Isidro,2370,Gainers
Davao Del Sur,Davao City,21988,Gainers
Davao Del Sur,Bansalan,7963,Gainers
Davao Del Sur,Santa Cruz,7731,Gainers
Davao Del Sur,Digos City,6782,Gainers
Davao Del Sur,Sulop,4131,Gainers
Davao Del Sur,Magsaysay,3519,Gainers
Davao Del Sur,Matanao,3236,Gainers
Davao Del Sur,Hagonoy,2638,Gainers
Davao Del Sur,Kiblawan,1848,Gainers
Davao Del Sur,Malalag,1219,Gainers
Davao Del Sur,Padada,574,Gainers
Davao Occidental,Jose Abad Santos,10785,Gainers
Davao Occidental,Malita,6751,Gainers
Davao Occidental,Santa Maria,2291,Gainers
Davao Occidental,Sarangani,1992,Gainers
Davao Occidental,Don Marcelino,1226,Gainers
Davao Oriental,Mati City,19554,Gainers
Davao Oriental,Governor Generoso,7160,Gainers
Davao Oriental,Baganga,6568,Gainers
Davao Oriental,Caraga,6236,Gainers
Davao Oriental,Tarragona,5886,Gainers
Davao Oriental,Cateel,5812,Gainers
Davao Oriental,Banaybanay,4526,Gainers
Davao Oriental,San Isidro,3987,Gainers
Davao Oriental,Manay,3959,Gainers
Davao Oriental,Lupon,3335,Gainers
Davao Oriental,Boston,1126,Gainers
Dinagat Islands,Libjo,910,Gainers
Dinagat Islands,Tubajon,795,Gainers
Dinagat Islands,Dinagat,748,Gainers
Dinagat Islands,Cagdianao,340,Gainers
Dinagat Islands,San Jose,142,Gainers
Dinagat Islands,Loreto,126,Gainers
Dinagat Islands,Basilisa,-183,Losers
Eastern Samar,Borongan City,4801,Gainers
Eastern Samar,Dolores,3588,Gainers
Eastern Samar,Oras,3478,Gainers
Eastern Samar,Can-Avid,1835,Gainers
Eastern Samar,Jipapad,1139,Gainers
Eastern Samar,San Policarpo,812,Gainers
Eastern Samar,Mercedes,734,Gainers
Eastern Samar,Guiuan,695,Gainers
Eastern Samar,Salcedo,693,Gainers
Eastern Samar,General MacArthur,643,Gainers
Eastern Samar,Maydolong,581,Gainers
Eastern Samar,Lawaan,568,Gainers
Eastern Samar,Taft,492,Gainers
Eastern Samar,Hernani,473,Gainers
Eastern Samar,Sulat,418,Gainers
Eastern Samar,Giporlos,415,Gainers
Eastern Samar,Balangkayan,323,Gainers
Eastern Samar,Balangiga,282,Gainers
Eastern Samar,Maslog,6,Gainers
Eastern Samar,San Julian,1,Gainers
Eastern Samar,Arteche,-739,Losers
Eastern Samar,Llorente,-379,Losers
Eastern Samar,Quinapondan,-7,Losers
Guimaras,Buenavista,1817,Gainers
Guimaras,Jordan,1764,Gainers
Guimaras,San Lorenzo,1100,Gainers
Guimaras,Sibunag,700,Gainers
Guimaras,Nueva Valencia,11,Gainers
Ifugao,Alfonso Lista,2993,Gainers
Ifugao,Lagawe,1880,Gainers
Ifugao,Tinoc,1787,Gainers
Ifugao,Banaue,1484,Gainers
Ifugao,Lamut,1460,Gainers
Ifugao,Aguinaldo,1230,Gainers
Ifugao,Kiangan,817,Gainers
Ifugao,Asipulo,687,Gainers
Ifugao,Mayoyao,151,Gainers
Ifugao,Hingyon,-390,Losers
Ifugao,Hungduan,-70,Losers
Ilocos Norte,Laoag City,3957,Gainers
Ilocos Norte,Pagudpud,3207,Gainers
Ilocos Norte,Batac City,2402,Gainers
Ilocos Norte,San Nicolas,1964,Gainers
Ilocos Norte,Bacarra,1333,Gainers
Ilocos Norte,Currimao,1169,Gainers
Ilocos Norte,Badoc,1021,Gainers
Ilocos Norte,Piddig,940,Gainers
Ilocos Norte,Dingras,856,Gainers
Ilocos Norte,Burgos,845,Gainers
Ilocos Norte,Pinili,683,Gainers
Ilocos Norte,Paoay,595,Gainers
Ilocos Norte,Vintar,318,Gainers
Ilocos Norte,Nueva Era,260,Gainers
Ilocos Norte,Marcos,258,Gainers
Ilocos Norte,Adams,247,Gainers
Ilocos Norte,Solsona,201,Gainers
Ilocos Norte,Dumalneg,168,Gainers
Ilocos Norte,Banna,167,Gainers
Ilocos Norte,Carasi,15,Gainers
Ilocos Norte,Pasuquin,-394,Losers
Ilocos Norte,Sarrat,-245,Losers
Ilocos Norte,Bangui,-113,Losers
Ilocos Sur,Tagudin,3628,Gainers
Ilocos Sur,Vigan City,3354,Gainers
Ilocos Sur,Cabugao,3106,Gainers
Ilocos Sur,Narvacan,2649,Gainers
Ilocos Sur,Magsingal,1873,Gainers
Ilocos Sur,Cervantes,1429,Gainers
Ilocos Sur,Santa Lucia,1381,Gainers
Ilocos Sur,San Vicente,1369,Gainers
Ilocos Sur,Santiago,1279,Gainers
Ilocos Sur,Candon City,1163,Gainers
Ilocos Sur,Santa Cruz,1002,Gainers
Ilocos Sur,Santo Domingo,914,Gainers
Ilocos Sur,Santa Catalina,879,Gainers
Ilocos Sur,Caoayan,794,Gainers
Ilocos Sur,Sinait,789,Gainers
Ilocos Sur,Bantay,775,Gainers
Ilocos Sur,San Ildefonso,657,Gainers
Ilocos Sur,Quirino,584,Gainers
Ilocos Sur,Banayoyo,539,Gainers
Ilocos Sur,San Esteban,323,Gainers
Ilocos Sur,San Juan,299,Gainers
Ilocos Sur,Alilem,223,Gainers
Ilocos Sur,Salcedo,216,Gainers
Ilocos Sur,Lidlidda,198,Gainers
Ilocos Sur,San Emilio,195,Gainers
Ilocos Sur,Sugpon,162,Gainers
Ilocos Sur,Galimuyod,126,Gainers
Ilocos Sur,Santa Maria,35,Gainers
Ilocos Sur,Suyo,9,Gainers
Ilocos Sur,Nagbukel,-261,Losers
Ilocos Sur,Burgos,-135,Losers
Ilocos Sur,Gregorio del Pilar,-52,Losers
Ilocos Sur,Santa,-38,Losers
Ilocos Sur,Sigay,-1,Losers
Iloilo,Iloilo City,35845,Gainers
Iloilo,Pavia,6865,Gainers
Iloilo,Passi City,5274,Gainers
Iloilo,Sara,4797,Gainers
Iloilo,Oton,4428,Gainers
Iloilo,Santa Barbara,4175,Gainers
Iloilo,Guimbal,3664,Gainers
Iloilo,Lambunao,3630,Gainers
Iloilo,Estancia,3623,Gainers
Iloilo,Dumangas,3453,Gainers
Iloilo,Pototan,3256,Gainers
Iloilo,Carles,3040,Gainers
Iloilo,Cabatuan,2840,Gainers
Iloilo,Ajuy,2752,Gainers
Iloilo,Janiuay,2622,Gainers
Iloilo,Tigbauan,2259,Gainers
Iloilo,Concepcion,2144,Gainers
Iloilo,Barotac Nuevo,2113,Gainers
Iloilo,San Dionisio,1998,Gainers
Iloilo,Leganes,1951,Gainers
Iloilo,Banate,1798,Gainers
Iloilo,Lemery,1771,Gainers
Iloilo,Calinog,1738,Gainers
Iloilo,Zarraga,1721,Gainers
Iloilo,San Miguel,1680,Gainers
Iloilo,Igbaras,1598,Gainers
Iloilo,Leon,1560,Gainers
Iloilo,Anilao,1418,Gainers
Iloilo,Barotac Viejo,1357,Gainers
Iloilo,Miagao,1236,Gainers
Iloilo,Duenas,1218,Gainers
Iloilo,Maasin,1156,Gainers
Iloilo,San Rafael,1118,Gainers
Iloilo,Alimodian,1020,Gainers
Iloilo,Tubungan,903,Gainers
Iloilo,Batad,717,Gainers
Iloilo,Dingle,684,Gainers
Iloilo,Bingawan,638,Gainers
Iloilo,New Lucena,565,Gainers
Iloilo,San Joaquin,363,Gainers
Iloilo,Mina,229,Gainers
Iloilo,San Enrique,120,Gainers
Iloilo,Balasan,90,Gainers
Iloilo,Badiangan,-865,Losers
Isabela,Santiago City,12091,Gainers
Isabela,Cauayan City,9727,Gainers
Isabela,Ilagan City,6961,Gainers
Isabela,Alicia,5786,Gainers
Isabela,San Mateo,4895,Gainers
Isabela,Tumauini,4509,Gainers
Isabela,Echague,4130,Gainers
Isabela,San Mariano,3450,Gainers
Isabela,Roxas,2734,Gainers
Isabela,Cabagan,2411,Gainers
Isabela,Cordon,1656,Gainers
Isabela,Santo Tomas,1486,Gainers
Isabela,Reina Mercedes,1486,Gainers
Isabela,San Guillermo,1469,Gainers
Isabela,San Pablo,1283,Gainers
Isabela,Santa Maria,1280,Gainers
Isabela,Benito Soliven,1268,Gainers
Isabela,San Isidro,1255,Gainers
Isabela,Luna,1113,Gainers
Isabela,Cabatuan,1077,Gainers
Isabela,Gamu,931,Gainers
Isabela,Dinapigue,837,Gainers
Isabela,Maconacon,795,Gainers
Isabela,Palanan,778,Gainers
Isabela,Angadanan,700,Gainers
Isabela,Aurora,676,Gainers
Isabela,Mallig,573,Gainers
Isabela,Quirino,552,Gainers
Isabela,Naguilian,403,Gainers
Isabela,San Agustin,217,Gainers
Isabela,Delfin Albano,93,Gainers
Isabela,Divilacan,63,Gainers
Isabela,Jones,33,Gainers
Isabela,Quezon,-782,Losers
Isabela,Ramon,-667,Losers
Isabela,San Manuel,-395,Losers
Isabela,Burgos,-14,Losers
Kalinga,Tabuk City,11881,Gainers
Kalinga,Tinglayan,2027,Gainers
Kalinga,Lubuagan,2018,Gainers
Kalinga,Rizal,1739,Gainers
Kalinga,Pinukpuk,1364,Gainers
Kalinga,Tanudan,982,Gainers
Kalinga,Pasil,676,Gainers
Kalinga,Balbalan,210,Gainers
La Union,Luna,14075,Gainers
La Union,Bauang,9781,Gainers
La Union,Agoo,5118,Gainers
La Union,San Fernando City,4835,Gainers
La Union,Rosario,2944,Gainers
La Union,Aringay,2814,Gainers
La Union,Pugo,2530,Gainers
La Union,Santo Tomas,2381,Gainers
La Union,San Juan,2269,Gainers
La Union,Caba,2035,Gainers
La Union,Naguilian,1875,Gainers
La Union,Balaoan,1679,Gainers
La Union,San Gabriel,1248,Gainers
La Union,Tubao,1079,Gainers
La Union,Bagulin,898,Gainers
La Union,Bacnotan,489,Gainers
La Union,Burgos,449,Gainers
La Union,Santol,379,Gainers
La Union,Bangar,-614,Losers
La Union,Sudipen,-478,Losers
Laguna,Calamba City,54676,Gainers
Laguna,Binan City,33300,Gainers
Laguna,San Pablo City,26234,Gainers
Laguna,Cabuyao City,20255,Gainers
Laguna,Santa Rosa City,17746,Gainers
Laguna,Calauan,10615,Gainers
Laguna,Bay,8368,Gainers
Laguna,Santa Cruz,8368,Gainers
Laguna,Los Banos,8214,Gainers
Laguna,Nagcarlan,7290,Gainers
Laguna,Pagsanjan,5727,Gainers
Laguna,Alaminos,5343,Gainers
Laguna,Santa Maria,3646,Gainers
Laguna,Pila,3397,Gainers
Laguna,Cavinti,3162,Gainers
Laguna,San Pedro City,2754,Gainers
Laguna,Pangil,2588,Gainers
Laguna,Pakil,2474,Gainers
Laguna,Famy,2365,Gainers
Laguna,Magdalena,2009,Gainers
Laguna,Liliw,1761,Gainers
Laguna,Majayjay,1684,Gainers
Laguna,Victoria,1595,Gainers
Laguna,Kalayaan,1255,Gainers
Laguna,Lumban,1237,Gainers
Laguna,Siniloan,642,Gainers
Laguna,Luisiana,475,Gainers
Laguna,Mabitac,333,Gainers
Laguna,Rizal,327,Gainers
Laguna,Paete,-823,Losers
Lanao Del Norte,Iligan City,4992,Gainers
Lanao Del Norte,Sultan Naga Dimaporo,4057,Gainers
Lanao Del Norte,Tubod,3462,Gainers
Lanao Del Norte,Magsaysay,3031,Gainers
Lanao Del Norte,Kapatagan,2808,Gainers
Lanao Del Norte,Pantao Ragat,2707,Gainers
Lanao Del Norte,Lala,2660,Gainers
Lanao Del Norte,Pantar,2509,Gainers
Lanao Del Norte,Munai,2465,Gainers
Lanao Del Norte,Poona Piagapo,1833,Gainers
Lanao Del Norte,Matungao,1502,Gainers
Lanao Del Norte,Baroy,1065,Gainers
Lanao Del Norte,Maigo,710,Gainers
Lanao Del Norte,Bacolod,512,Gainers
Lanao Del Norte,Salvador,495,Gainers
Lanao Del Norte,Linamon,370,Gainers
Lanao Del Norte,Kolambugan,366,Gainers
Lanao Del Norte,Nunungan,290,Gainers
Lanao Del Norte,Tangcal,286,Gainers
Lanao Del Norte,Tagoloan,91,Gainers
Lanao Del Norte,Sapad,-676,Losers
Lanao Del Norte,Kauswagan,-613,Losers
Lanao Del Norte,Baloi,-53,Losers
Lanao Del Sur,Marawi City,16274,Gainers
Lanao Del Sur,Malabang,13316,Gainers
Lanao Del Sur,Marantao,12962,Gainers
Lanao Del Sur,Tagoloan,8874,Gainers
Lanao Del Sur,Kapai,7505,Gainers
Lanao Del Sur,Pualas,6713,Gainers
Lanao Del Sur,Taraka,6494,Gainers
Lanao Del Sur,Saguiaran,5546,Gainers
Lanao Del Sur,Ditsaan-Ramain,5071,Gainers
Lanao Del Sur,Lumba-Bayabao,4881,Gainers
Lanao Del Sur,Bayang,4571,Gainers
Lanao Del Sur,Marogong,4362,Gainers
Lanao Del Sur,Tamparan,4320,Gainers
Lanao Del Sur,Poona-Bayabao,4207,Gainers
Lanao Del Sur,Maguing,3982,Gainers
Lanao Del Sur,Bacolod-Kalawi,3840,Gainers
Lanao Del Sur,Lumbatan,3485,Gainers
Lanao Del Sur,Balindong,3196,Gainers
Lanao Del Sur,Buadiposo-Buntong,3190,Gainers
Lanao Del Sur,Tubaran,3144,Gainers
Lanao Del Sur,Masiu,2816,Gainers
Lanao Del Sur,Balabagan,2643,Gainers
Lanao Del Sur,Ganassi,2264,Gainers
Lanao Del Sur,Madamba,2147,Gainers
Lanao Del Sur,Tugaya,2039,Gainers
Lanao Del Sur,Piagapo,1878,Gainers
Lanao Del Sur,Butig,1816,Gainers
Lanao Del Sur,Madalum,1696,Gainers
Lanao Del Sur,Kapatagan,1580,Gainers
Lanao Del Sur,Lumbaca Unayan,1353,Gainers
Lanao Del Sur,Calanogas,1310,Gainers
Lanao Del Sur,Binidayan,1273,Gainers
Lanao Del Sur,Bubong,1172,Gainers
Lanao Del Sur,Pagayawan,1108,Gainers
Lanao Del Sur,Picong,1041,Gainers
Lanao Del Sur,Sultan Dumalondong,925,Gainers
Lanao Del Sur,Lumbayanague,403,Gainers
Lanao Del Sur,Amai Manabilang,327,Gainers
Lanao Del Sur,Wao,-1840,Losers
Lanao Del Sur,Mulondo,-1756,Losers
Leyte,Ormoc City,26794,Gainers
Leyte,Tacloban City,6870,Gainers
Leyte,Palompon,5827,Gainers
Leyte,Jaro,5187,Gainers
Leyte,Abuyog,4785,Gainers
Leyte,Albuera,4274,Gainers
Leyte,Kananga,3815,Gainers
Leyte,Burauen,3614,Gainers
Leyte,Barugo,3591,Gainers
Leyte,Inopacan,2855,Gainers
Leyte,Baybay City,2851,Gainers
Leyte,Hilongos,2763,Gainers
Leyte,Tanauan,2622,Gainers
Leyte,Tabango,2538,Gainers
Leyte,Alangalang,2366,Gainers
Leyte,Leyte,2350,Gainers
Leyte,Carigara,2288,Gainers
Leyte,Pastrana,2075,Gainers
Leyte,Babatngon,2008,Gainers
Leyte,MacArthur,1832,Gainers
Leyte,Matag-ob,1717,Gainers
Leyte,Dulag,1676,Gainers
Leyte,Calubian,1462,Gainers
Leyte,Tabontabon,1456,Gainers
Leyte,San Miguel,1220,Gainers
Leyte,Santa Fe,1190,Gainers
Leyte,Merida,1150,Gainers
Leyte,Capoocan,1115,Gainers
Leyte,Mayorga,1019,Gainers
Leyte,Bato,982,Gainers
Leyte,Dagami,966,Gainers
Leyte,La Paz,797,Gainers
Leyte,Palo,720,Gainers
Leyte,Matalom,607,Gainers
Leyte,Tolosa,556,Gainers
Leyte,Tunga,523,Gainers
Leyte,San Isidro,500,Gainers
Leyte,Mahaplag,334,Gainers
Leyte,Isabel,202,Gainers
Leyte,Javier,138,Gainers
Leyte,Villaba,-1176,Losers
Leyte,Hindang,-274,Losers
Leyte,Julita,-13,Losers
Maguindanao Del Norte,Cotabato City,21916,Gainers
Maguindanao Del Norte,Parang,15910,Gainers
Maguindanao Del Norte,Datu Odin Sinsuat,12267,Gainers
Maguindanao Del Norte,Sultan Kudarat,11950,Gainers
Maguindanao Del Norte,Upi,8952,Gainers
Maguindanao Del Norte,Talitay,6827,Gainers
Maguindanao Del Norte,Sultan Mastura,6513,Gainers
Maguindanao Del Norte,Matanog,4886,Gainers
Maguindanao Del Norte,Barira,4602,Gainers
Maguindanao Del Norte,Buldon,2982,Gainers
Maguindanao Del Norte,Datu Blah T. Sinsuat,2966,Gainers
Maguindanao Del Norte,Kabuntalan,2106,Gainers
Maguindanao Del Norte,Northern Kabuntalan,-195,Losers
Maguindanao Del Sur,Datu Abdullah Sangki,15713,Gainers
Maguindanao Del Sur,Pagalungan,8560,Gainers
Maguindanao Del Sur,Ampatuan,7780,Gainers
Maguindanao Del Sur,Datu Anggal Midtimbang,7733,Gainers
Maguindanao Del Sur,Talayan,7184,Gainers
Maguindanao Del Sur,Gen. S. K. Pendatun,5965,Gainers
Maguindanao Del Sur,South Upi,5915,Gainers
Maguindanao Del Sur,Datu Salibo,5475,Gainers
Maguindanao Del Sur,Datu Paglas,5328,Gainers
Maguindanao Del Sur,Datu Piang,4775,Gainers
Maguindanao Del Sur,Mamasapano,4576,Gainers
Maguindanao Del Sur,Datu Unsay,4303,Gainers
Maguindanao Del Sur,Guindulungan,4081,Gainers
Maguindanao Del Sur,Pagagawan,4015,Gainers
Maguindanao Del Sur,Rajah Buayan,3924,Gainers
Maguindanao Del Sur,Pandag,3896,Gainers
Maguindanao Del Sur,Datu Hoffer Ampatuan,3717,Gainers
Maguindanao Del Sur,Datu Saudi Ampatuan,3378,Gainers
Maguindanao Del Sur,Sultan Sa Barongis,2967,Gainers
Maguindanao Del Sur,Shariff Saydona Musthapa,2467,Gainers
Maguindanao Del Sur,Paglat,1795,Gainers
Maguindanao Del Sur,Shariff Aguak,1463,Gainers
Maguindanao Del Sur,Buluan,-917,Losers
Maguindanao Del Sur,Mangudadatu,-59,Losers
Marinduque,Boac,4620,Gainers
Marinduque,Torrijos,3005,Gainers
Marinduque,Santa Cruz,1857,Gainers
Marinduque,Gasan,1689,Gainers
Marinduque,Buenavista,1250,Gainers
Marinduque,Mogpog,445,Gainers
Masbate,Masbate City,29167,Gainers
Masbate,San Pascual,5701,Gainers
Masbate,Placer,3121,Gainers
Masbate,Aroroy,2868,Gainers
Masbate,Monreal,2488,Gainers
Masbate,Mandaon,1862,Gainers
Masbate,Balud,1767,Gainers
Masbate,Claveria,1624,Gainers
Masbate,Cawayan,1605,Gainers
Masbate,San Jacinto,1597,Gainers
Masbate,Palanas,1366,Gainers
Masbate,Mobo,691,Gainers
Masbate,Esperanza,690,Gainers
Masbate,Uson,391,Gainers
Masbate,San Fernando,321,Gainers
Masbate,Dimasalang,83,Gainers
Masbate,Pio V. Corpuz,-1365,Losers
Masbate,Milagros,-1282,Losers
Masbate,Batuan,-69,Losers
Masbate,Baleno,-27,Losers
Masbate,Cataingan,-4,Losers
Misamis Occidental,Ozamis City,14403,Gainers
Misamis Occidental,Tangub City,6256,Gainers
Misamis Occidental,Plaridel,3642,Gainers
Misamis Occidental,Oroquieta City,2498,Gainers
Misamis Occidental,Jimenez,2245,Gainers
Misamis Occidental,Sapang Dalaga,783,Gainers
Misamis Occidental,Don Victoriano Chiongbian,739,Gainers
Misamis Occidental,Lopez Jaena,517,Gainers
Misamis Occidental,Calamba,229,Gainers
Misamis Occidental,Tudela,201,Gainers
Misamis Occidental,Clarin,197,Gainers
Misamis Occidental,Sinacaban,156,Gainers
Misamis Occidental,Baliangao,-1048,Losers
Misamis Occidental,Aloran,-866,Losers
Misamis Occidental,Concepcion,-601,Losers
Misamis Occidental,Panaon,-487,Losers
Misamis Occidental,Bonifacio,-300,Losers
Misamis Oriental,Cagayan de Oro City,69337,Gainers
Misamis Oriental,Gingoog City,9986,Gainers
Misamis Oriental,Villanueva,7097,Gainers
Misamis Oriental,El Salvador City,7070,Gainers
Misamis Oriental,Tagoloan,5896,Gainers
Misamis Oriental,Balingasag,4972,Gainers
Misamis Oriental,Opol,4767,Gainers
Misamis Oriental,Claveria,3290,Gainers
Misamis Oriental,Jasaan,2649,Gainers
Misamis Oriental,Magsaysay,2084,Gainers
Misamis Oriental,Lagonglong,1915,Gainers
Misamis Oriental,Gitagum,1862,Gainers
Misamis Oriental,Medina,1808,Gainers
Misamis Oriental,Laguindingan,1629,Gainers
Misamis Oriental,Alubijid,1614,Gainers
Misamis Oriental,Kinoguitan,1386,Gainers
Misamis Oriental,Lugait,1377,Gainers
Misamis Oriental,Sugbongcogon,1218,Gainers
Misamis Oriental,Naawan,1073,Gainers
Misamis Oriental,Manticao,1044,Gainers
Misamis Oriental,Binuangan,1018,Gainers
Misamis Oriental,Salay,1005,Gainers
Misamis Oriental,Initao,973,Gainers
Misamis Oriental,Libertad,770,Gainers
Misamis Oriental,Balingoan,632,Gainers
Misamis Oriental,Talisayan,437,Gainers
Mountain Province,Paracelis,4615,Gainers
Mountain Province,Bauko,3819,Gainers
Mountain Province,Sagada,1169,Gainers
Mountain Province,Besao,1159,Gainers
Mountain Province,Sabangan,974,Gainers
Mountain Province,Bontoc,683,Gainers
Mountain Province,Natonin,625,Gainers
Mountain Province,Sadanga,303,Gainers
Mountain Province,Barlig,302,Gainers
Mountain Province,Tadian,-514,Losers
NCR,City of Taguig,240254,Gainers
NCR,Quezon City,124293,Gainers
NCR,City of Manila,77025,Gainers
NCR,City of Marikina,69879,Gainers
NCR,City of Valenzuela,60543,Gainers
NCR,City of Caloocan,45802,Gainers
NCR,City of Paranaque,24350,Gainers
NCR,City of Pasig,23029,Gainers
NCR,City of San Juan,17662,Gainers
NCR,City of Malabon,11518,Gainers
NCR,City of Navotas,11259,Gainers
NCR,Pasay City,7157,Gainers
NCR,Pateros,595,Gainers
NCR,City of Makati,-182184,Losers
NCR,City of Muntinlupa,-26577,Losers
NCR,City of Las Pinas,-9842,Losers
NCR,City of Mandaluyong,-5846,Losers
Negros Occidental,Bacolod City,43064,Gainers
Negros Occidental,Himamaylan City,9589,Gainers
Negros Occidental,La Castellana,6837,Gainers
Negros Occidental,Kabankalan City,5076,Gainers
Negros Occidental,Hinoba-an,4982,Gainers
Negros Occidental,Cauayan,4377,Gainers
Negros Occidental,Silay City,4119,Gainers
Negros Occidental,Murcia,3831,Gainers
Negros Occidental,Toboso,3257,Gainers
Negros Occidental,Sagay City,3062,Gainers
Negros Occidental,Bago City,2770,Gainers
Negros Occidental,Isabela,2743,Gainers
Negros Occidental,Talisay City,2522,Gainers
Negros Occidental,Salvador Benedicto,2511,Gainers
Negros Occidental,Enrique B. Magalona,2324,Gainers
Negros Occidental,Hinigaran,2245,Gainers
Negros Occidental,Valladolid,2078,Gainers
Negros Occidental,Binalbagan,1852,Gainers
Negros Occidental,Escalante City,1749,Gainers
Negros Occidental,Manapla,1732,Gainers
Negros Occidental,San Enrique,1383,Gainers
Negros Occidental,Candoni,1287,Gainers
Negros Occidental,Moises Padilla,963,Gainers
Negros Occidental,Cadiz City,662,Gainers
Negros Occidental,San Carlos City,323,Gainers
Negros Occidental,La Carlota City,260,Gainers
Negros Occidental,Calatrava,100,Gainers
Negros Occidental,Pulupandan,24,Gainers
Negros Occidental,Victorias City,-2146,Losers
Negros Occidental,Sipalay City,-423,Losers
Negros Occidental,Ilog,-336,Losers
Negros Occidental,Pontevedra,-285,Losers
Negros Oriental,Bayawan City,9772,Gainers
Negros Oriental,Mabinay,9195,Gainers
Negros Oriental,Sibulan,5408,Gainers
Negros Oriental,Dumaguete City,5365,Gainers
Negros Oriental,Tanjay City,5202,Gainers
Negros Oriental,Siaton,4285,Gainers
Negros Oriental,Guihulngan City,4059,Gainers
Negros Oriental,Bacong,4035,Gainers
Negros Oriental,Santa Catalina,3873,Gainers
Negros Oriental,Bais City,3781,Gainers
Negros Oriental,Canlaon City,3429,Gainers
Negros Oriental,Pamplona,3367,Gainers
Negros Oriental,Ayungon,2992,Gainers
Negros Oriental,Basay,2698,Gainers
Negros Oriental,Jimalalud,2483,Gainers
Negros Oriental,Zamboanguita,2481,Gainers
Negros Oriental,La Libertad,2011,Gainers
Negros Oriental,Valencia,1946,Gainers
Negros Oriental,Amlan,1917,Gainers
Negros Oriental,San Jose,1897,Gainers
Negros Oriental,Dauin,1674,Gainers
Negros Oriental,Tayasan,1598,Gainers
Negros Oriental,Vallehermoso,1503,Gainers
Negros Oriental,Bindoy,1275,Gainers
Negros Oriental,Manjuyod,1113,Gainers
North Cotabato/Cotabato,Kidapawan City,11684,Gainers
North Cotabato/Cotabato,Tulunan,6984,Gainers
North Cotabato/Cotabato,Makilala,6334,Gainers
North Cotabato/Cotabato,Alamada,5315,Gainers
North Cotabato/Cotabato,Carmen,4422,Gainers
North Cotabato/Cotabato,Libungan,4228,Gainers
North Cotabato/Cotabato,M'lang,4112,Gainers
North Cotabato/Cotabato,Matalam,4053,Gainers
North Cotabato/Cotabato,Magpet,3820,Gainers
North Cotabato/Cotabato,Arakan,3283,Gainers
North Cotabato/Cotabato,Banisilan,2581,Gainers
North Cotabato/Cotabato,President Roxas,1550,Gainers
North Cotabato/Cotabato,Aleosan,320,Gainers
North Cotabato/Cotabato,Antipas,120,Gainers
North Cotabato/Cotabato,Pikit,-18943,Losers
North Cotabato/Cotabato,Midsayap,-11576,Losers
North Cotabato/Cotabato,Pigkawayan,-2702,Losers
North Cotabato/Cotabato,Kabacan,-1267,Losers
Northern Samar,Catarman,6710,Gainers
Northern Samar,Mondragon,2181,Gainers
Northern Samar,Catubig,1354,Gainers
Northern Samar,Rosario,1217,Gainers
Northern Samar,Biri,799,Gainers
Northern Samar,Lope de Vega,637,Gainers
Northern Samar,Victoria,621,Gainers
Northern Samar,Allen,548,Gainers
Northern Samar,Pambujan,512,Gainers
Northern Samar,Capul,420,Gainers
Northern Samar,Bobon,383,Gainers
Northern Samar,San Antonio,226,Gainers
Northern Samar,San Jose,218,Gainers
Northern Samar,Laoang,-3089,Losers
Northern Samar,Las Navas,-1699,Losers
Northern Samar,San Isidro,-1531,Losers
Northern Samar,Mapanas,-893,Losers
Northern Samar,Lavezares,-744,Losers
Northern Samar,Lapinig,-506,Losers
Northern Samar,Silvino Lobos,-416,Losers
Northern Samar,San Vicente,-196,Losers
Northern Samar,Gamay,-146,Losers
Northern Samar,San Roque,-125,Losers
Northern Samar,Palapag,-114,Losers
Nueva Ecija,Cabanatuan City,27291,Gainers
Nueva Ecija,Talavera,15652,Gainers
Nueva Ecija,Santa Rosa,10480,Gainers
Nueva Ecija,Guimba,9450,Gainers
Nueva Ecija,Cabiao,9107,Gainers
Nueva Ecija,Gapan City,9043,Gainers
Nueva Ecija,General Tinio,7793,Gainers
Nueva Ecija,Aliaga,6856,Gainers
Nueva Ecija,Jaen,6500,Gainers
Nueva Ecija,Bongabon,5226,Gainers
Nueva Ecija,Laur,4743,Gainers
Nueva Ecija,San Leonardo,4480,Gainers
Nueva Ecija,Pantabangan,4425,Gainers
Nueva Ecija,San Jose City,4104,Gainers
Nueva Ecija,General Mamerto Natividad,4033,Gainers
Nueva Ecija,Gabaldon,3443,Gainers
Nueva Ecija,Penaranda,2933,Gainers
Nueva Ecija,Science City of Munoz,2584,Gainers
Nueva Ecija,Santo Domingo,2495,Gainers
Nueva Ecija,Cuyapo,2479,Gainers
Nueva Ecija,Lupao,2425,Gainers
Nueva Ecija,San Isidro,2217,Gainers
Nueva Ecija,Talugtug,2042,Gainers
Nueva Ecija,Quezon,2032,Gainers
Nueva Ecija,Carranglan,2027,Gainers
Nueva Ecija,Zaragoza,1704,Gainers
Nueva Ecija,San Antonio,1600,Gainers
Nueva Ecija,Rizal,1452,Gainers
Nueva Ecija,Nampicuan,953,Gainers
Nueva Ecija,Licab,598,Gainers
Nueva Ecija,Palayan City,-420,Losers
Nueva Ecija,Llanera,-31,Losers
Nueva Vizcaya,Bayombong,6091,Gainers
Nueva Vizcaya,Kasibu,2278,Gainers
Nueva Vizcaya,Dupax del Norte,2054,Gainers
Nueva Vizcaya,Bambang,1858,Gainers
Nueva Vizcaya,Bagabag,1816,Gainers
Nueva Vizcaya,Solano,1678,Gainers
Nueva Vizcaya,Kayapa,1487,Gainers
Nueva Vizcaya,Santa Fe,1456,Gainers
Nueva Vizcaya,Dupax del Sur,1051,Gainers
Nueva Vizcaya,Ambaguio,1033,Gainers
Nueva Vizcaya,Diadi,972,Gainers
Nueva Vizcaya,Quezon,877,Gainers
Nueva Vizcaya,Alfonso Castaneda,836,Gainers
Nueva Vizcaya,Villaverde,403,Gainers
Nueva Vizcaya,Aritao,302,Gainers
Occidental Mindoro,Sablayan,9727,Gainers
Occidental Mindoro,San Jose,6906,Gainers
Occidental Mindoro,Magsaysay,3212,Gainers
Occidental Mindoro,Rizal,3009,Gainers
Occidental Mindoro,Paluan,2858,Gainers
Occidental Mindoro,Mamburao,2461,Gainers
Occidental Mindoro,Abra De Ilog,2017,Gainers
Occidental Mindoro,Calintaan,1064,Gainers
Occidental Mindoro,Santa Cruz,850,Gainers
Occidental Mindoro,Lubang,7,Gainers
Occidental Mindoro,Looc,-365,Losers
Oriental Mindoro,Calapan City,12722,Gainers
Oriental Mindoro,Roxas,7500,Gainers
Oriental Mindoro,Mansalay,5030,Gainers
Oriental Mindoro,Bulalacao,4941,Gainers
Oriental Mindoro,Bongabong,3960,Gainers
Oriental Mindoro,Baco,3488,Gainers
Oriental Mindoro,Pinamalayan,3481,Gainers
Oriental Mindoro,Naujan,3050,Gainers
Oriental Mindoro,Bansud,2635,Gainers
Oriental Mindoro,Gloria,2407,Gainers
Oriental Mindoro,Socorro,2150,Gainers
Oriental Mindoro,Pola,2011,Gainers
Oriental Mindoro,Victoria,1486,Gainers
Oriental Mindoro,Puerto Galera,789,Gainers
Oriental Mindoro,San Teodoro,409,Gainers
Palawan,Puerto Princesa City,27944,Gainers
Palawan,Taytay,8778,Gainers
Palawan,Bataraza,8751,Gainers
Palawan,Brooke's Point,8645,Gainers
Palawan,Coron,8540,Gainers
Palawan,El Nido,7458,Gainers
Palawan,Rizal,7360,Gainers
Palawan,Narra,6091,Gainers
Palawan,Quezon,4330,Gainers
Palawan,Roxas,4318,Gainers
Palawan,San Vicente,3827,Gainers
Palawan,Aborlan,3598,Gainers
Palawan,Sofronio Espanola,3072,Gainers
Palawan,Busuanga,1711,Gainers
Palawan,Culion,1540,Gainers
Palawan,Dumaran,1317,Gainers
Palawan,Balabac,1024,Gainers
Palawan,Linapacan,665,Gainers
Palawan,Araceli,610,Gainers
Palawan,Kalayaan,428,Gainers
Palawan,Cuyo,209,Gainers
Palawan,Agutaya,188,Gainers
Palawan,Cagayancillo,120,Gainers
Palawan,Magsaysay,46,Gainers
Pampanga,San Fernando City,42884,Gainers
Pampanga,Mabalacat City,31281,Gainers
Pampanga,Mexico,19143,Gainers
Pampanga,Magalang,15980,Gainers
Pampanga,Porac,14024,Gainers
Pampanga,Angeles City,12998,Gainers
Pampanga,Lubao,10895,Gainers
Pampanga,Floridablanca,9728,Gainers
Pampanga,Candaba,9231,Gainers
Pampanga,Apalit,7856,Gainers
Pampanga,Arayat,7442,Gainers
Pampanga,San Simon,6884,Gainers
Pampanga,Santo Tomas,6277,Gainers
Pampanga,Santa Ana,4205,Gainers
Pampanga,Santa Rita,3542,Gainers
Pampanga,San Luis,3456,Gainers
Pampanga,Minalin,2577,Gainers
Pampanga,Masantol,2343,Gainers
Pampanga,Guagua,1898,Gainers
Pampanga,Sasmuan,1430,Gainers
Pampanga,Bacolor,611,Gainers
Pampanga,Macabebe,-199,Losers
Pangasinan,Dagupan City,25317,Gainers
Pangasinan,San Carlos City,15023,Gainers
Pangasinan,Urdaneta City,14509,Gainers
Pangasinan,Bayambang,9472,Gainers
Pangasinan,Bugallon,9372,Gainers
Pangasinan,Malasiqui,8564,Gainers
Pangasinan,Lingayen,8200,Gainers
Pangasinan,Urbiztondo,7482,Gainers
Pangasinan,Calasiao,6443,Gainers
Pangasinan,Alaminos City,5858,Gainers
Pangasinan,Santa Barbara,5766,Gainers
Pangasinan,Sual,5398,Gainers
Pangasinan,Umingan,5141,Gainers
Pangasinan,Mangatarem,4866,Gainers
Pangasinan,Bolinao,4680,Gainers
Pangasinan,San Fabian,4554,Gainers
Pangasinan,Mangaldan,4456,Gainers
Pangasinan,Aguilar,3623,Gainers
Pangasinan,Basista,3491,Gainers
Pangasinan,Mapandan,3464,Gainers
Pangasinan,Tayug,3438,Gainers
Pangasinan,Pozorrubio,3327,Gainers
Pangasinan,Manaoag,2739,Gainers
Pangasinan,Villasis,2623,Gainers
Pangasinan,Sison,2595,Gainers
Pangasinan,Bautista,2431,Gainers
Pangasinan,Alcala,2297,Gainers
Pangasinan,Santa Maria,2249,Gainers
Pangasinan,Asingan,2214,Gainers
Pangasinan,San Jacinto,2185,Gainers
Pangasinan,San Quintin,2126,Gainers
Pangasinan,San Manuel,2070,Gainers
Pangasinan,Rosales,2049,Gainers
Pangasinan,Agno,1998,Gainers
Pangasinan,Laoac,1854,Gainers
Pangasinan,Binalonan,1837,Gainers
Pangasinan,Burgos,1750,Gainers
Pangasinan,Binmaley,1615,Gainers
Pangasinan,Labrador,1579,Gainers
Pangasinan,Natividad,1465,Gainers
Pangasinan,Bani,1415,Gainers
Pangasinan,Mabini,1384,Gainers
Pangasinan,Balungao,1367,Gainers
Pangasinan,Santo Tomas,1353,Gainers
Pangasinan,Infanta,1324,Gainers
Pangasinan,San Nicolas,1262,Gainers
Pangasinan,Dasol,1105,Gainers
Pangasinan,Anda,284,Gainers
Quezon,Lucena City,35680,Gainers
Quezon,Sariaya,18862,Gainers
Quezon,Candelaria,16278,Gainers
Quezon,Tiaong,15944,Gainers
Quezon,Tayabas City,10242,Gainers
Quezon,Infanta,9595,Gainers
Quezon,Lucban,7689,Gainers
Quezon,Calauag,6872,Gainers
Quezon,Pagbilao,6850,Gainers
Quezon,San Francisco,6451,Gainers
Quezon,Mauban,6317,Gainers
Quezon,Catanauan,5528,Gainers
Quezon,General Nakar,5016,Gainers
Quezon,Gumaca,4980,Gainers
Quezon,Buenavista,4956,Gainers
Quezon,Real,4309,Gainers
Quezon,San Andres,4088,Gainers
Quezon,San Antonio,3950,Gainers
Quezon,Dolores,3908,Gainers
Quezon,Mulanay,3900,Gainers
Quezon,San Narciso,3337,Gainers
Quezon,Lopez,3070,Gainers
Quezon,Tagkawayan,2816,Gainers
Quezon,General Luna,2434,Gainers
Quezon,Atimonan,2423,Gainers
Quezon,Burdeos,1834,Gainers
Quezon,Unisan,1661,Gainers
Quezon,Alabat,1645,Gainers
Quezon,Padre Burgos,1284,Gainers
Quezon,Panukulan,1148,Gainers
Quezon,Macalelon,1094,Gainers
Quezon,Quezon,1045,Gainers
Quezon,Guinayangan,1026,Gainers
Quezon,Jomalig,980,Gainers
Quezon,Perez,920,Gainers
Quezon,Patnanungan,768,Gainers
Quezon,Pitogo,690,Gainers
Quezon,Agdangan,616,Gainers
Quezon,Polillo,571,Gainers
Quezon,Sampaloc,414,Gainers
Quezon,Plaridel,87,Gainers
Quirino,Nagtipunan,4249,Gainers
Quirino,Diffun,2759,Gainers
Quirino,Maddela,2381,Gainers
Quirino,Cabarroguis,1652,Gainers
Quirino,Saguday,889,Gainers
Quirino,Aglipay,742,Gainers
Rizal,San Mateo,27917,Gainers
Rizal,Rodriguez,10313,Gainers
Rizal,Baras,9214,Gainers
Rizal,Taytay,8216,Gainers
Rizal,Cainta,7517,Gainers
Rizal,Teresa,6879,Gainers
Rizal,Cardona,3334,Gainers
Rizal,Morong,2739,Gainers
Rizal,Jala-jala,2418,Gainers
Rizal,Tanay,2404,Gainers
Rizal,Pililla,1511,Gainers
Rizal,Binangonan,1115,Gainers
Rizal,Antipolo City,-26265,Losers
Rizal,Angono,-6278,Losers
Romblon,Odiongan,3889,Gainers
Romblon,Romblon,2326,Gainers
Romblon,Cajidiocan,1336,Gainers
Romblon,San Agustin,981,Gainers
Romblon,San Andres,837,Gainers
Romblon,Ferrol,827,Gainers
Romblon,Calatrava,788,Gainers
Romblon,Alcantara,712,Gainers
Romblon,Looc,710,Gainers
Romblon,Magdiwang,592,Gainers
Romblon,San Jose,444,Gainers
Romblon,Santa Maria,319,Gainers
Romblon,Santa Fe,298,Gainers
Romblon,Banton,-283,Losers
Romblon,Corcuera,-186,Losers
Romblon,Concepcion,-184,Losers
Romblon,San Fernando,-148,Losers
Samar,Calbayog City,24308,Gainers
Samar,Santa Margarita,6276,Gainers
Samar,Basey,4722,Gainers
Samar,Catbalogan City,4294,Gainers
Samar,Gandara,3519,Gainers
Samar,San Jorge,2760,Gainers
Samar,Tarangnan,2635,Gainers
Samar,Paranas,2155,Gainers
Samar,Villareal,1817,Gainers
Samar,Santa Rita,1746,Gainers
Samar,Santo Nino,1377,Gainers
Samar,Calbiga,1319,Gainers
Samar,San Sebastian,1235,Gainers
Samar,Almagro,1225,Gainers
Samar,Motiong,1220,Gainers
Samar,Hinabangan,841,Gainers
Samar,San Jose de Buan,588,Gainers
Samar,Jiabong,579,Gainers
Samar,Pinabacdao,392,Gainers
Samar,Matuguinao,281,Gainers
Samar,Zumarraga,163,Gainers
Samar,Talalora,156,Gainers
Samar,Marabut,-430,Losers
Samar,Tagapul-an,-331,Losers
Samar,Pagsanghan,-261,Losers
Samar,Daram,-176,Losers
Sarangani,Glan,12493,Gainers
Sarangani,Alabel,7800,Gainers
Sarangani,Malapatan,5305,Gainers
Sarangani,Maasim,5289,Gainers
Sarangani,Kiamba,465,Gainers
Sarangani,Maitum,-2804,Losers
Sarangani,Malungon,-1274,Losers
Siquijor,Siquijor,1543,Gainers
Siquijor,San Juan,1315,Gainers
Siquijor,Lazi,770,Gainers
Siquijor,Enrique Villanueva,706,Gainers
Siquijor,Larena,470,Gainers
Siquijor,Maria,375,Gainers
Sorsogon,Sorsogon City,14084,Gainers
Sorsogon,Bulan,8992,Gainers
Sorsogon,Donsol,5017,Gainers
Sorsogon,Irosin,5015,Gainers
Sorsogon,Pilar,4539,Gainers
Sorsogon,Castilla,3776,Gainers
Sorsogon,Matnog,3466,Gainers
Sorsogon,Gubat,3440,Gainers
Sorsogon,Juban,2837,Gainers
Sorsogon,Casiguran,2306,Gainers
Sorsogon,Prieto Diaz,2018,Gainers
Sorsogon,Magallanes,1971,Gainers
Sorsogon,Barcelona,1104,Gainers
Sorsogon,Santa Magdalena,949,Gainers
Sorsogon,Bulusan,610,Gainers
South Cotabato,General Santos City,67348,Gainers
South Cotabato,Koronadal City,17904,Gainers
South Cotabato,Polomolok,14856,Gainers
South Cotabato,Lake Sebu,10057,Gainers
South Cotabato,T'boli,5729,Gainers
South Cotabato,Banga,5223,Gainers
South Cotabato,Tupi,5085,Gainers
South Cotabato,Tampakan,3466,Gainers
South Cotabato,Surallah,3128,Gainers
South Cotabato,Tantangan,2516,Gainers
South Cotabato,Norala,1818,Gainers
South Cotabato,Santo Nino,564,Gainers
Southern Leyte,Bontoc,1462,Gainers
Southern Leyte,Silago,1257,Gainers
Southern Leyte,San Francisco,1109,Gainers
Southern Leyte,San Juan,1097,Gainers
Southern Leyte,Hinunangan,694,Gainers
Southern Leyte,Hinundayan,598,Gainers
Southern Leyte,Macrohon,578,Gainers
Southern Leyte,Pintuyan,558,Gainers
Southern Leyte,Saint Bernard,396,Gainers
Southern Leyte,Maasin City,330,Gainers
Southern Leyte,Anahawan,305,Gainers
Southern Leyte,Libagon,279,Gainers
Southern Leyte,Padre Burgos,132,Gainers
Southern Leyte,Tomas Oppus,127,Gainers
Southern Leyte,San Ricardo,100,Gainers
Southern Leyte,Malitbog,11,Gainers
Southern Leyte,Liloan,-744,Losers
Southern Leyte,Sogod,-605,Losers
Southern Leyte,Limasawa,-16,Losers
Sultan Kudarat,Isulan,17121,Gainers
Sultan Kudarat,Lebak,9616,Gainers
Sultan Kudarat,Lambayong,9130,Gainers
Sultan Kudarat,Esperanza,8897,Gainers
Sultan Kudarat,Palimbang,7686,Gainers
Sultan Kudarat,Lutayan,5258,Gainers
Sultan Kudarat,Kalamansig,4863,Gainers
Sultan Kudarat,President Quirino,4703,Gainers
Sultan Kudarat,Tacurong City,4477,Gainers
Sultan Kudarat,Sen. Ninoy Aquino,4153,Gainers
Sultan Kudarat,Columbio,3533,Gainers
Sultan Kudarat,Bagumbayan,1936,Gainers
Sulu,Parang,15924,Gainers
Sulu,Patikul,12942,Gainers
Sulu,Maimbung,9764,Gainers
Sulu,Luuk,9051,Gainers
Sulu,Old Panamao,8518,Gainers
Sulu,Tapul,8052,Gainers
Sulu,Talipao,6933,Gainers
Sulu,Siasi,4565,Gainers
Sulu,Omar,4288,Gainers
Sulu,Lugus,4124,Gainers
Sulu,Panglima Estino,1619,Gainers
Sulu,Pangutaran,1324,Gainers
Sulu,Indanan,934,Gainers
Sulu,Hadji Panglima Tahil,931,Gainers
Sulu,Kalingalan Caluang,598,Gainers
Sulu,Pata,578,Gainers
Sulu,Tongkil,194,Gainers
Sulu,Jolo,-1907,Losers
Sulu,Pandami,-274,Losers
Surigao Del Norte,General Luna,6082,Gainers
Surigao Del Norte,Claver,4806,Gainers
Surigao Del Norte,Surigao City,4436,Gainers
Surigao Del Norte,Dapa,3793,Gainers
Surigao Del Norte,Gigaquit,2020,Gainers
Surigao Del Norte,San Francisco,1919,Gainers
Surigao Del Norte,Santa Monica,1713,Gainers
Surigao Del Norte,Bacuag,1588,Gainers
Surigao Del Norte,Alegria,1539,Gainers
Surigao Del Norte,San Isidro,1393,Gainers
Surigao Del Norte,Socorro,1260,Gainers
Surigao Del Norte,Malimono,1172,Gainers
Surigao Del Norte,Del Carmen,1151,Gainers
Surigao Del Norte,Sison,1086,Gainers
Surigao Del Norte,Tagana-an,979,Gainers
Surigao Del Norte,Placer,948,Gainers
Surigao Del Norte,San Benito,894,Gainers
Surigao Del Norte,Pilar,792,Gainers
Surigao Del Norte,Mainit,757,Gainers
Surigao Del Norte,Tubod,728,Gainers
Surigao Del Norte,Burgos,695,Gainers
Surigao Del Sur,Bislig City,9364,Gainers
Surigao Del Sur,Tandag City,8225,Gainers
Surigao Del Sur,Barobo,7299,Gainers
Surigao Del Sur,Tagbina,4345,Gainers
Surigao Del Sur,Hinatuan,4072,Gainers
Surigao Del Sur,San Miguel,3824,Gainers
Surigao Del Sur,Lianga,3772,Gainers
Surigao Del Sur,Carrascal,2900,Gainers
Surigao Del Sur,Cantilan,2606,Gainers
Surigao Del Sur,Tago,2521,Gainers
Surigao Del Sur,San Agustin,2519,Gainers
Surigao Del Sur,Madrid,2500,Gainers
Surigao Del Sur,Marihatag,2335,Gainers
Surigao Del Sur,Lingig,2238,Gainers
Surigao Del Sur,Cortes,1497,Gainers
Surigao Del Sur,Cagwait,1280,Gainers
Surigao Del Sur,Bayabas,781,Gainers
Surigao Del Sur,Lanuza,644,Gainers
Surigao Del Sur,Carmen,374,Gainers
Tarlac,Tarlac City,22650,Gainers
Tarlac,Capas,17097,Gainers
Tarlac,Concepcion,15094,Gainers
Tarlac,Bamban,6497,Gainers
Tarlac,La Paz,5992,Gainers
Tarlac,Gerona,5125,Gainers
Tarlac,San Jose,4319,Gainers
Tarlac,Victoria,3615,Gainers
Tarlac,Moncada,3220,Gainers
Tarlac,Paniqui,2698,Gainers
Tarlac,Santa Ignacia,2463,Gainers
Tarlac,Camiling,1871,Gainers
Tarlac,Ramos,1841,Gainers
Tarlac,Pura,1758,Gainers
Tarlac,Mayantoc,1504,Gainers
Tarlac,San Manuel,1325,Gainers
Tarlac,Anao,257,Gainers
Tarlac,San Clemente,213,Gainers
Tawi-Tawi,Bongao,11566,Gainers
Tawi-Tawi,Sapa-Sapa,7316,Gainers
Tawi-Tawi,Languyan,4122,Gainers
Tawi-Tawi,Sitangkai,4095,Gainers
Tawi-Tawi,Tandubas,3106,Gainers
Tawi-Tawi,Turtle Islands,2858,Gainers
Tawi-Tawi,Simunul,2719,Gainers
Tawi-Tawi,South Ubian,2696,Gainers
Tawi-Tawi,Mapun,2581,Gainers
Tawi-Tawi,Sibutu,2499,Gainers
Tawi-Tawi,Panglima Sugala,1655,Gainers
Zambales,Iba,5328,Gainers
Zambales,Masinloc,5216,Gainers
Zambales,Botolan,4858,Gainers
Zambales,Castillejos,4778,Gainers
Zambales,Santa Cruz,3195,Gainers
Zambales,Palauig,2696,Gainers
Zambales,Subic,2676,Gainers
Zambales,Candelaria,2528,Gainers
Zambales,Cabangan,2256,Gainers
Zambales,San Marcelino,2210,Gainers
Zambales,San Antonio,2012,Gainers
Zambales,San Felipe,2001,Gainers
Zambales,San Narciso,580,Gainers
Zambales,Olongapo City,-3922,Losers
Zamboanga Del Norte,Dapitan City,18168,Gainers
Zamboanga Del Norte,Dipolog City,13370,Gainers
Zamboanga Del Norte,Sindangan,9764,Gainers
Zamboanga Del Norte,Sibuco,9655,Gainers
Zamboanga Del Norte,Siayan,6430,Gainers
Zamboanga Del Norte,Katipunan,5954,Gainers
Zamboanga Del Norte,Labason,4612,Gainers
Zamboanga Del Norte,Gutalac,4174,Gainers
Zamboanga Del Norte,Pres. Manuel A. Roxas,3739,Gainers
Zamboanga Del Norte,Polanco,3439,Gainers
Zamboanga Del Norte,Jose Dalman,2930,Gainers
Zamboanga Del Norte,"Sergio Osmena, Sr.",2770,Gainers
Zamboanga Del Norte,Bacungan,2438,Gainers
Zamboanga Del Norte,Rizal,2403,Gainers
Zamboanga Del Norte,Siocon,2281,Gainers
Zamboanga Del Norte,Manukan,1867,Gainers
Zamboanga Del Norte,Mutia,1316,Gainers
Zamboanga Del Norte,Tampilisan,976,Gainers
Zamboanga Del Norte,Salug,891,Gainers
Zamboanga Del Norte,Sibutad,760,Gainers
Zamboanga Del Norte,Kalawit,720,Gainers
Zamboanga Del Norte,Liloy,625,Gainers
Zamboanga Del Norte,Pinan,597,Gainers
Zamboanga Del Norte,Godod,592,Gainers
Zamboanga Del Norte,La Libertad,61,Gainers
Zamboanga Del Norte,Sirawai,-3344,Losers
Zamboanga Del Norte,Baliguian,-721,Losers
Zamboanga Del Sur,Pagadian City,26429,Gainers
Zamboanga Del Sur,Zamboanga City,15523,Gainers
Zamboanga Del Sur,Guipos,5800,Gainers
Zamboanga Del Sur,Mahayag,2879,Gainers
Zamboanga Del Sur,Aurora,2835,Gainers
Zamboanga Del Sur,Kumalarang,2739,Gainers
Zamboanga Del Sur,Dumingag,2579,Gainers
Zamboanga Del Sur,San Miguel,2555,Gainers
Zamboanga Del Sur,Tukuran,2366,Gainers
Zamboanga Del Sur,Midsalip,2288,Gainers
Zamboanga Del Sur,Labangan,2211,Gainers
Zamboanga Del Sur,Tabina,2026,Gainers
Zamboanga Del Sur,Dumalinao,2002,Gainers
Zamboanga Del Sur,Tambulig,1784,Gainers
Zamboanga Del Sur,Molave,1631,Gainers
Zamboanga Del Sur,Dimataling,1551,Gainers
Zamboanga Del Sur,Bayog,1457,Gainers
Zamboanga Del Sur,Vincenzo A. Sagun,1441,Gainers
Zamboanga Del Sur,Lakewood,1356,Gainers
Zamboanga Del Sur,Tigbao,1203,Gainers
Zamboanga Del Sur,Pitogo,1195,Gainers
Zamboanga Del Sur,San Pablo,1098,Gainers
Zamboanga Del Sur,Margosatubig,802,Gainers
Zamboanga Del Sur,Lapuyan,700,Gainers
Zamboanga Del Sur,Josefina,491,Gainers
Zamboanga Del Sur,Sominot,452,Gainers
Zamboanga Del Sur,Dinas,449,Gainers
Zamboanga Del Sur,Ramon Magsaysay,-264,Losers
Zamboanga Sibugay,Ipil,7255,Gainers
Zamboanga Sibugay,Tungawan,6765,Gainers
Zamboanga Sibugay,Imelda,2613,Gainers
Zamboanga Sibugay,Titay,2195,Gainers
Zamboanga Sibugay,Olutanga,1814,Gainers
Zamboanga Sibugay,Mabuhay,1700,Gainers
Zamboanga Sibugay,Diplahan,1431,Gainers
Zamboanga Sibugay,Kabasalan,1283,Gainers
Zamboanga Sibugay,Roseller T. Lim,1275,Gainers
Zamboanga Sibugay,Payao,1172,Gainers
Zamboanga Sibugay,Talusan,1044,Gainers
Zamboanga Sibugay,Malangas,1009,Gainers
Zamboanga Sibugay,Naga,146,Gainers
Zamboanga Sibugay,Alicia,-889,Losers
Zamboanga Sibugay,Buug,-856,Losers
Zamboanga Sibugay,Siay,-60,Losers
